"Name","Team","Pos","Inn","rSZ","rCERA","rSB","rGDP","rARM","rGFP","rPM","rTS","DRS","ARM","DPR","RngR","ErrR","UZR","UZR/150","FRM","OAA","RAA","Def","playerid"
"Jose Trevino","NYY","C","478.2","7","3","2","","","1","","","15","","","","","","","11.9","","","18.0","16725"
"Jonathan Schoop","DET","2B","792.0","0","","","2","","2","2","","6","","0.9","-0.6","0.7","1.0","1.8","","20","15","16.6","11265"
"Nolan Arenado","STL","3B","705.2","0","","","0","","1","13","","14","","0.8","4.7","2.4","7.9","12.0","","14","10","12.9","9777"
"Sean Murphy","OAK","C","638.1","5","-3","1","","","-1","","","1","","","","","","","5.8","","","12.3","19352"
"Myles Straw","CLE","CF","776.1","0","","","","5","2","1","","8","7.3","","0.7","0.8","8.7","12.5","","7","6","12.0","17620"
"Dansby Swanson","ATL","SS","876.1","0","","","-2","","2","3","","3","","-0.4","-0.6","-0.1","-1.2","-2.6","","10","8","11.1","18314"
"Nico Hoerner","CHC","SS","676.0","0","","","1","","1","9","","11","","-0.5","-0.1","1.0","0.4","0.8","","11","8","11.0","21479"
"J.T. Realmuto","PHI","C","675.1","-1","-1","6","","","2","","","4","","","","","","","-1.1","","","10.6","11739"
"Ke'Bryan Hayes","PIT","3B","750.2","0","","","2","","1","11","","15","","0.4","3.6","-0.6","3.4","5.3","","11","8","10.5","18577"
"Tommy Edman","STL","SS","379.0","0","","","1","","1","3","","5","","0.5","0.4","3.0","3.9","9.4","","10","8","9.9","19470"
"Willy Adames","MIL","SS","626.1","0","","","-1","","0","4","","3","","1.0","-0.2","0.3","1.1","1.2","","8","6","9.8","15986"
"Travis d'Arnaud","ATL","C","559.1","4","-4","0","","","1","","","0","","","","","","","5.0","","","9.8","7739"
"Jorge Mateo","BAL","SS","729.2","0","","","1","","2","8","","11","","0.5","0.9","0.2","1.5","2.0","","8","6","9.7","17273"
"Jeremy Pena","HOU","SS","651.1","0","","","2","","-1","8","","9","","-0.2","1.1","-3.8","-2.9","-7.2","","9","6","9.2","21636"
"Cal Raleigh","SEA","C","531.0","4","3","0","","","1","","","7","","","","","","","4.3","","","8.8","21534"
"Francisco Lindor","NYM","SS","817.2","0","","","2","","0","-3","","-1","","0.5","-0.8","-0.5","-0.8","-3.2","","6","4","8.7","12916"
"Alejandro Kirk","TOR","C","414.0","2","2","1","","","2","","","6","","","","","","","3.9","","","8.4","22581"
"Tomas Nido","NYM","C","473.1","4","-5","1","","","3","","","3","","","","","","","3.1","","","8.2","13755"
"Byron Buxton","MIN","CF","376.2","0","","","","0","0","5","","5","2.5","","3.3","0.3","6.1","23.4","","7","6","7.8","14161"
"Andrew Velazquez","LAA","SS","630.0","0","","","0","","1","9","","10","","0.5","0.7","0.2","1.4","3.2","","6","4","7.7","14196"
"Max Stassi","LAA","C","500.1","3","0","0","","","-1","","","1","","","","","","","3.2","","","7.5","10059"
"Kyle Higashioka","NYY","C","385.0","1","-1","2","","","-1","","","1","","","","","","","2.0","","","7.4","5517"
"Reese McGuire","CHW","C","390.0","1","5","2","","","-1","","","7","","","","","","","2.0","","","7.3","15674"
"Manny Machado","SDP","3B","649.0","0","","","0","","0","1","","1","","0.0","-2.0","1.0","-1.0","-2.5","","7","6","7.3","11493"
"Jonah Heim","TEX","C","550.1","3","4","-3","","","-1","","","4","","","","","","","5.3","","","7.0","16930"
"Omar Narvaez","MIL","C","454.2","1","3","-1","","","-1","","","1","","","","","","","4.1","","","7.0","13338"
"Austin Hedges","CLE","C","479.2","2","0","0","","","4","","","6","","","","","","","2.9","","","7.0","12976"
"Trevor Story","BOS","2B","705.2","0","","","-1","","0","9","","8","","-0.4","0.0","0.3","-0.1","0.1","","9","7","7.0","12564"
"Ryan Jeffers","MIN","C","460.1","3","2","-1","","","1","","","5","","","","","","","4.0","","","7.0","24618"
"Aramis Garcia","CIN","C","294.1","2","-2","1","","","0","","","0","","","","","","","3.3","","","6.8","16925"
"Adley Rutschman","BAL","C","338.1","3","0","0","","","2","","","5","","","","","","","3.9","","","6.8","26288"
"Yadier Molina","STL","C","313.2","2","2","0","","","0","","","3","","","","","","","4.1","","","6.7","7007"
"Austin Barnes","LAD","C","278.2","4","-2","0","","","2","","","4","","","","","","","4.2","","","6.6","12158"
"Miguel Rojas","MIA","SS","697.1","0","","","1","","2","3","","6","","0.2","1.5","1.4","3.1","6.3","","4","3","6.5","7802"
"Josh Donaldson","NYY","3B","454.0","0","","","0","","0","12","","11","","-0.1","3.6","1.2","4.7","10.7","","7","5","6.5","5038"
"Javier Baez","DET","SS","682.0","0","","","1","","-2","-3","","-4","","-0.3","-1.6","-3.1","-5.0","-13.8","","4","3","6.0","12979"
"Ha-seong Kim","SDP","SS","556.0","0","","","-1","","-1","9","","7","","-0.7","2.5","2.6","4.3","9.4","","5","4","5.9","27506"
"Jace Peterson","MIL","3B","425.2","0","","","1","","0","10","","11","","-0.2","0.4","1.4","1.7","5.2","","7","5","5.9","12325"
"Victor Caratini","MIL","C","346.2","2","-2","1","","","1","","","1","","","","","","","1.8","","","5.7","14968"
"Christian Vazquez","BOS","C","607.1","-1","1","2","","","1","","","4","","","","","","","-1.5","","","5.7","9774"
"Santiago Espinal","TOR","2B","677.0","0","","","0","","-1","4","","3","","0.1","-0.8","0.3","-0.3","-1.5","","7","5","5.6","19997"
"Gary Sanchez","MIN","C","378.0","2","-2","1","","","0","","","1","","","","","","","1.4","","","5.6","11442"
"Jose Siri","HOU","CF","315.0","0","","","","-1","0","9","","8","0.0","","6.3","0.3","6.6","32.9","","7","6","5.6","17452"
"Michael Harris II","ATL","CF","471.1","0","","","","-1","1","6","","6","0.8","","2.5","0.5","3.8","13.9","","6","6","5.5","25931"
"Brett Phillips","TBR","RF","235.1","0","","","","2","0","6","","8","-0.1","","2.2","0.0","2.1","11.8","","7","6","5.5","14735"
"Seby Zavala","CHW","C","203.0","3","0","0","","","0","","","3","","","","","","","3.7","","","5.4","18887"
"Keibert Ruiz","WSN","C","610.1","-3","-5","4","","","0","","","-5","","","","","","","-3.9","","","5.4","19610"
"Ryan McMahon","COL","3B","775.0","0","","","0","","0","5","","5","","-0.5","2.4","1.5","3.4","4.3","","5","4","5.3","15112"
"Corey Seager","TEX","SS","775.1","0","","","2","","0","-2","","0","","0.2","1.1","1.1","2.5","3.7","","2","1","5.2","13624"
"Jose Herrera","ARI","C","312.2","-2","-1","3","","","-1","","","-1","","","","","","","-0.6","","","5.1","17040"
"Mike Zunino","TBR","C","299.1","3","0","0","","","-2","","","1","","","","","","","2.4","","","5.0","13265"
"Brandon Nimmo","NYM","CF","746.2","0","","","","0","1","0","","1","2.0","","-0.5","0.8","2.3","5.8","","5","5","5.0","12927"
"Yan Gomes","CHC","C","305.0","0","1","1","","","1","","","3","","","","","","","1.3","","","4.9","9627"
"Max Kepler","MIN","RF","668.2","0","","","","-1","-1","6","","4","-1.7","","-1.6","0.3","-3.0","-5.9","","10","9","4.8","12144"
"Tommy Edman","STL","2B","413.2","0","","","0","","1","10","","11","","-0.2","0.9","1.2","1.9","5.0","","6","5","4.8","19470"
"Tyler Heineman","- - -","C","262.1","1","-1","1","","","0","","","2","","","","","","","1.4","","","4.6","13897"
"Martin Maldonado","HOU","C","609.2","-1","-1","1","","","0","","","-3","","","","","","","-1.7","","","4.6","6887"
"Xander Bogaerts","BOS","SS","779.0","0","","","0","","-1","2","","1","","0.0","-1.0","4.4","3.4","5.3","","1","1","4.5","12161"
"Daulton Varsho","ARI","CF","239.0","0","","","","1","0","2","","3","1.0","","1.5","0.1","2.6","11.7","","4","4","4.4","19918"
"Ramon Urias","BAL","3B","423.1","0","","","1","","0","9","","10","","0.8","1.9","1.2","3.8","7.9","","3","3","4.4","18795"
"Brandon Marsh","LAA","LF","566.2","0","","","","-1","-2","10","","7","-1.1","","4.6","0.2","3.7","8.7","","8","7","4.3","20202"
"Josh Harrison","CHW","2B","417.2","0","","","-1","","-1","8","","6","","-0.2","2.3","0.8","2.9","11.1","","6","4","4.3","8202"
"DJ LeMahieu","NYY","3B","334.2","0","","","0","","0","6","","6","","0.2","1.4","3.1","4.7","11.6","","4","3","4.3","9874"
"Adalberto Mondesi","KCR","SS","131.0","0","","","0","","0","1","","1","","0.3","-0.6","2.2","1.9","8.8","","4","3","4.2","13769"
"Abraham Toro","SEA","2B","257.0","0","","","0","","1","1","","2","","0.6","0.0","0.8","1.3","6.7","","4","3","4.1","19844"
"Jose Ramirez","CLE","3B","645.0","0","","","0","","-1","0","","-2","","0.4","3.1","4.4","7.9","9.6","","2","2","3.8","13510"
"Orlando Arcia","ATL","2B","235.0","0","","","0","","0","0","","0","","","0.2","0.0","0.1","1.1","","5","3","3.7","13185"
"Joey Bart","SFG","C","372.2","0","-2","-1","","","-1","","","-2","","","","","","","1.4","","","3.6","21524"
"Dylan Carlson","STL","CF","228.0","0","","","","1","2","1","","4","1.7","","-1.0","0.3","1.0","5.8","","3","2","3.6","20126"
"Alek Thomas","ARI","CF","533.1","0","","","","-1","1","4","","4","-0.2","","4.1","0.6","4.4","9.5","","6","5","3.6","23792"
"Edmundo Sosa","STL","SS","219.2","0","","","0","","0","5","","5","","0.3","0.5","-0.3","0.5","2.0","","3","2","3.6","17022"
"Jose Iglesias","COL","SS","692.0","0","","","1","","0","-6","","-5","","1.0","-0.6","2.9","3.3","4.0","","-1","-1","3.6","10231"
"Yasmani Grandal","CHW","C","269.0","2","-3","-1","","","-2","","","-4","","","","","","","2.2","","","3.5","11368"
"Kevin Smith","OAK","3B","312.1","0","","","1","","0","4","","4","","-0.1","0.8","1.5","2.2","8.5","","4","3","3.5","20242"
"Roberto Perez","PIT","C","159.0","1","0","0","","","1","","","3","","","","","","","2.0","","","3.4","2900"
"Mauricio Dubon","- - -","SS","112.1","0","","","0","","0","2","","2","","0.0","1.0","0.5","1.5","14.1","","4","3","3.4","16530"
"Ozzie Albies","ATL","2B","541.1","0","","","-2","","0","2","","0","","-0.7","0.0","-0.4","-1.1","-2.8","","5","3","3.2","16556"
"Andres Gimenez","CLE","2B","540.1","0","","","0","","-1","4","","3","","0.2","1.5","0.3","2.0","3.1","","3","3","3.2","19950"
"Luke Maile","CLE","C","270.2","0","0","1","","","0","","","0","","","","","","","-0.2","","","3.2","13355"
"Amed Rosario","CLE","SS","708.1","0","","","-1","","0","6","","5","","-0.7","-0.3","4.8","3.8","5.7","","1","1","3.1","15518"
"Brandon Crawford","SFG","SS","587.1","0","","","-1","","2","-8","","-7","","0.0","-1.3","-2.0","-3.3","-8.0","","1","0","3.1","5343"
"Carson Kelly","ARI","C","337.2","1","4","-2","","","-1","","","2","","","","","","","2.2","","","3.1","13620"
"Gabriel Moreno","TOR","C","130.1","1","-1","1","","","1","","","2","","","","","","","1.0","","","3.1","22664"
"Cedric Mullins II","BAL","CF","773.2","0","","","","1","0","5","","6","0.2","","0.3","0.8","1.3","2.0","","5","5","3.1","17929"
"James McCann","NYM","C","231.2","1","3","0","","","0","","","4","","","","","","","1.1","","","3.1","12859"
"Daulton Varsho","ARI","RF","204.2","0","","","","0","0","1","","1","1.7","","4.3","0.2","6.2","47.3","","2","2","3.0","19918"
"Jake Cronenworth","SDP","2B","746.1","0","","","0","","1","3","","4","","-0.5","-1.0","2.1","0.6","1.3","","4","3","3.0","18036"
"Bo Bichette","TOR","SS","821.0","0","","","-1","","0","-6","","-7","","-0.6","-1.4","-4.2","-6.2","-25.7","","0","0","3.0","19612"
"Trevor Larnach","MIN","LF","247.0","0","","","","3","1","1","","5","3.8","","-0.6","0.4","3.6","21.0","","0","0","3.0","21501"
"Christian Bethancourt","- - -","C","143.0","0","0","2","","","-2","","","0","","","","","","","-0.3","","","3.0","10028"
"Ryan McKenna","BAL","LF","114.1","0","","","","1","0","1","","2","1.8","","1.3","-1.0","2.1","24.7","","2","1","2.9","19928"
"Victor Robles","WSN","CF","605.0","0","","","","3","-2","1","","2","1.6","","2.1","-0.6","3.1","5.7","","3","3","2.9","18363"
"Isaac Paredes","TBR","2B","155.1","0","","","0","","0","1","","1","","-0.2","0.2","0.7","0.7","6.6","","4","3","2.9","20036"
"Brian Serven","COL","C","232.0","2","1","-1","","","-1","","","1","","","","","","","1.9","","","2.9","19422"
"Will Smith","LAD","C","568.2","0","4","-1","","","0","","","4","","","","","","","-1.0","","","2.8","19197"
"Rafael Ortega","CHC","RF","120.0","0","","","","2","0","-1","","1","2.0","","-0.1","0.1","2.0","18.6","","1","1","2.8","10323"
"Nick Fortes","MIA","C","187.2","0","1","2","","","2","","","6","","","","","","","-0.8","","","2.8","21538"
"Andrelton Simmons","CHC","SS","104.0","0","","","0","","0","4","","4","","0.2","0.2","0.6","1.1","11.0","","3","2","2.7","10847"
"Trea Turner","LAD","SS","826.1","0","","","0","","0","0","","0","","0.5","1.9","-0.1","2.2","5.7","","-2","-2","2.7","16252"
"Mookie Betts","LAD","RF","674.1","0","","","","0","1","6","","7","2.1","","3.5","0.8","6.4","13.9","","3","3","2.7","13611"
"Eli White","TEX","CF","148.1","0","","","","0","1","0","","1","-0.1","","0.5","0.1","0.5","6.6","","3","3","2.7","19346"
"Gilberto Celestino","MIN","CF","278.2","0","","","","1","0","1","","2","0.2","","0.7","-0.9","0.0","-0.2","","3","3","2.7","20233"
"Derek Hill","DET","CF","235.2","0","","","","1","0","2","","3","1.3","","3.4","0.3","4.9","23.0","","2","2","2.6","16947"
"Matt Reynolds","CIN","SS","138.0","0","","","0","","0","4","","4","","-0.2","0.0","0.5","0.3","3.9","","3","2","2.6","13788"
"Cristian Pache","OAK","CF","530.2","0","","","","0","-1","7","","6","-2.2","","0.8","0.3","-1.1","-3.0","","7","6","2.6","19948"
"Jazz Chisholm Jr.","MIA","2B","476.0","0","","","0","","0","4","","4","","-0.3","-0.3","-0.5","-1.1","-3.9","","3","3","2.6","20454"
"Aaron Judge","NYY","CF","427.2","0","","","","1","1","-1","","1","2.4","","-0.5","0.4","2.2","7.6","","1","1","2.6","15640"
"Aaron Hicks","NYY","LF","261.2","0","","","","0","1","2","","3","1.3","","-0.1","0.3","1.5","7.8","","2","2","2.5","5297"
"Nick Ahmed","ARI","SS","134.0","0","","","-1","","-1","-1","","-3","","-0.2","-1.0","0.4","-0.8","-6.0","","3","2","2.5","12147"
"Kyle Isbel","KCR","RF","160.0","0","","","","0","0","3","","3","0.5","","3.1","-0.1","3.5","25.1","","3","3","2.5","21614"
"Max Muncy","LAD","3B","339.0","0","","","1","","0","5","","5","","0.4","0.2","-1.7","-1.0","-9.6","","2","1","2.4","13301"
"Ernie Clement","CLE","3B","152.1","0","","","0","","-1","3","","2","","0.2","-0.2","0.8","0.7","4.2","","2","2","2.4","20352"
"Mike Trout","LAA","CF","613.2","0","","","","-1","-1","5","","3","0.6","","0.3","0.3","1.2","2.7","","3","3","2.4","10155"
"Rene Pinto","TBR","C","140.0","1","0","0","","","-1","","","0","","","","","","","1.2","","","2.4","19859"
"Cavan Biggio","TOR","2B","162.0","0","","","0","","0","1","","1","","","0.2","0.4","0.6","8.5","","3","2","2.4","19252"
"Justin Turner","LAD","3B","404.1","0","","","1","","0","1","","2","","0.1","-0.2","0.2","0.1","0.5","","2","1","2.4","5235"
"Jon Berti","MIA","3B","191.1","0","","","0","","0","0","","0","","0.1","0.4","0.1","0.6","3.7","","2","2","2.4","12037"
"Harrison Bader","STL","CF","588.2","0","","","","0","0","-2","","-2","-0.9","","3.8","0.8","3.7","8.8","","5","5","2.3","18030"
"Luis Guillorme","NYM","2B","421.2","0","","","2","","1","-2","","1","","0.4","0.6","1.2","2.2","7.5","","2","2","2.3","16451"
"Joey Gallo","NYY","RF","242.1","0","","","","1","0","2","","3","1.8","","-0.3","0.2","1.8","9.9","","1","1","2.2","14128"
"Eli White","TEX","LF","142.0","0","","","","2","0","3","","5","1.2","","2.2","0.2","3.6","33.8","","2","1","2.2","19346"
"Jarred Kelenic","SEA","RF","180.0","0","","","","1","0","2","","3","1.1","","0.3","0.2","1.6","10.9","","2","2","2.2","22558"
"Yoan Moncada","CHW","3B","404.0","0","","","0","","0","2","","1","","-0.1","0.0","0.8","0.7","2.8","","2","1","2.2","17232"
"Steven Kwan","CLE","LF","490.0","0","","","","2","0","10","","12","-2.0","","6.1","0.4","4.4","11.6","","6","5","2.2","24610"
"Diego Castillo","PIT","SS","255.0","0","","","-1","","0","1","","0","","-0.1","0.8","-1.8","-1.1","-5.3","","1","1","2.1","19906"
"Kevin Kiermaier","TBR","CF","482.1","0","","","","2","0","-1","","1","2.3","","-1.4","-0.4","0.6","1.8","","1","1","2.1","11038"
"Anthony Rendon","LAA","3B","385.2","0","","","0","","0","1","","2","","0.1","-0.3","-2.2","-2.4","-13.6","","1","1","2.1","12861"
"Nick Madrigal","CHC","2B","255.0","0","","","1","","0","2","","3","","0.5","1.0","1.7","3.1","10.2","","2","1","2.1","20521"
"Eugenio Suarez","SEA","3B","705.2","0","","","-1","","0","3","","3","","-0.5","1.6","1.3","2.4","6.4","","1","1","2.0","12552"
"Willson Contreras","CHC","C","441.0","-2","-2","1","","","-1","","","-3","","","","","","","-2.8","","","2.0","11609"
"Danny Jansen","TOR","C","193.0","-1","1","2","","","1","","","3","","","","","","","-1.7","","","2.0","16535"
"Oscar Gonzalez","CLE","RF","251.1","0","","","","3","0","-2","","1","4.3","","-0.3","-0.8","3.3","21.1","","-2","-2","1.9","20970"
"Chas McCormick","HOU","CF","241.0","0","","","","0","0","2","","2","-0.5","","3.5","0.2","3.1","24.7","","3","3","1.9","19599"
"Nicky Lopez","KCR","SS","178.0","0","","","1","","0","1","","2","","0.6","0.3","0.4","1.4","6.7","","1","0","1.9","19339"
"Joey Wendle","MIA","2B","125.1","0","","","0","","0","2","","2","","0.1","0.9","0.0","1.0","7.4","","2","2","1.8","13853"
"Enrique Hernandez","BOS","CF","449.2","0","","","","0","0","4","","4","-0.2","","1.8","0.5","2.1","5.8","","3","3","1.8","10472"
"Nicky Lopez","KCR","3B","130.0","0","","","0","","0","0","","0","","0.0","-1.2","0.8","-0.5","-5.5","","2","1","1.8","19339"
"Cody Bellinger","LAD","CF","762.1","0","","","","1","-1","4","","4","0.6","","-2.6","-0.4","-2.4","-3.7","","3","3","1.8","15998"
"Kyle Isbel","KCR","CF","169.0","0","","","","0","0","-2","","-2","-0.8","","-0.4","-0.2","-1.4","-8.6","","3","3","1.8","21614"
"Isiah Kiner-Falefa","NYY","SS","741.0","0","","","-1","","0","7","","6","","-0.4","1.7","-0.4","1.0","1.7","","-2","-1","1.8","16512"
"Gavin Lux","LAD","2B","513.2","0","","","0","","0","4","","4","","0.1","0.6","-2.1","-1.5","-7.6","","2","1","1.8","19955"
"Owen Miller","CLE","2B","180.1","0","","","0","","-1","0","","-1","","-0.1","-0.8","-0.8","-1.7","-9.4","","2","2","1.7","24655"
"Dylan Moore","SEA","RF","189.2","0","","","","1","1","1","","3","1.6","","-1.9","0.3","0.0","-1.2","","1","1","1.7","18042"
"Garrett Hampson","COL","SS","137.0","0","","","0","","0","-1","","-1","","0.1","-0.6","0.3","-0.2","-2.8","","1","1","1.7","19262"
"Johan Camargo","PHI","SS","178.0","0","","","0","","0","-3","","-3","","0.2","-0.5","1.4","1.0","6.6","","1","1","1.7","14950"
"Tucker Barnhart","DET","C","487.0","-2","0","-2","","","2","","","-4","","","","","","","-0.5","","","1.7","10200"
"Adam Frazier","SEA","2B","581.2","0","","","0","","1","-5","","-4","","0.6","-0.3","-0.4","-0.1","-1.2","","1","1","1.6","15223"
"Roman Quinn","- - -","CF","108.0","0","","","","1","1","0","","2","1.6","","-0.3","-0.7","0.6","2.3","","0","0","1.6","13546"
"Aristides Aquino","CIN","RF","159.0","0","","","","1","0","5","","6","0.2","","1.6","-0.5","1.4","16.1","","2","2","1.6","15482"
"Matt Chapman","TOR","3B","779.0","0","","","1","","0","1","","2","","0.3","1.0","-0.9","0.3","0.5","","-1","-1","1.6","16505"
"Odubel Herrera","PHI","CF","349.0","0","","","","-1","-1","0","","-2","0.4","","1.4","0.1","1.9","8.5","","2","2","1.6","11476"
"Vimael Machin","OAK","3B","142.0","0","","","0","","0","1","","1","","0.1","0.7","-0.1","0.8","9.5","","1","1","1.6","17684"
"Tim Anderson","CHW","SS","597.0","0","","","-1","","0","-3","","-4","","-0.4","-2.6","-0.2","-3.2","-6.4","","-1","-1","1.6","15172"
"Cam Gallagher","KCR","C","115.0","1","1","0","","","-1","","","1","","","","","","","0.6","","","1.5","12981"
"Alex Bregman","HOU","3B","814.2","0","","","0","","1","-6","","-5","","0.3","0.2","-0.4","0.1","-0.2","","-1","-1","1.5","17678"
"Jackie Bradley Jr.","BOS","RF","499.2","0","","","","1","0","5","","6","1.6","","3.7","0.6","6.0","15.2","","2","2","1.5","12984"
"Patrick Mazeika","NYM","C","151.2","0","0","0","","","1","","","0","","","","","","","0.2","","","1.5","18142"
"Isaac Paredes","TBR","3B","171.1","0","","","0","","0","3","","3","","0.1","0.6","0.7","1.4","15.7","","1","1","1.5","20036"
"Sergio Alcantara","- - -","3B","169.0","0","","","0","","0","-2","","-2","","0.2","0.7","-1.1","-0.1","-1.1","","1","1","1.5","16417"
"Jonathan Davis","MIL","CF","173.1","0","","","","0","-1","-1","","-2","-0.1","","-0.8","-0.1","-1.0","-10.3","","2","2","1.4","15104"
"Marwin Gonzalez","NYY","SS","116.2","0","","","0","","0","0","","0","","-0.2","0.2","0.9","0.8","11.4","","1","1","1.4","5497"
"Ehire Adrianza","WSN","3B","111.1","0","","","0","","0","0","","0","","0.1","-0.2","0.4","0.3","6.1","","1","1","1.4","8418"
"Nicky Lopez","KCR","2B","418.0","0","","","0","","0","-6","","-6","","-0.4","-3.5","2.2","-1.6","-3.0","","2","1","1.4","19339"
"Tyler Stephenson","CIN","C","351.2","-2","1","0","","","0","","","-1","","","","","","","-1.7","","","1.3","17988"
"Bryson Stott","PHI","2B","304.0","0","","","0","","0","0","","0","","-0.1","0.6","1.9","2.3","7.3","","2","1","1.3","26294"
"Jake Meyers","HOU","CF","213.0","0","","","","-1","-2","3","","0","-1.4","","2.2","-0.4","0.4","2.6","","3","3","1.3","20308"
"Taylor Walls","TBR","3B","157.1","0","","","0","","0","4","","4","","-0.2","1.4","-0.3","0.8","11.1","","2","1","1.3","22458"
"Christian Walker","ARI","1B","750.1","0","","","0","","0","14","","14","","0.0","2.4","0.7","3.2","5.1","","10","7","1.3","13419"
"Lorenzo Cain","MIL","CF","358.1","0","","","","0","-1","3","","2","-0.2","","3.0","-0.1","2.7","10.9","","2","2","1.3","9077"
"Jose Miranda","MIN","3B","128.0","0","","","0","","0","0","","0","","-0.2","0.2","0.1","0.2","2.3","","1","1","1.2","20538"
"Bobby Witt Jr.","KCR","3B","250.0","0","","","0","","1","-1","","1","","0.4","-2.7","1.9","-0.3","-1.2","","0","0","1.2","25764"
"Thairo Estrada","SFG","SS","142.2","0","","","0","","0","-1","","-1","","0.0","0.6","0.4","1.0","7.1","","1","1","1.2","16426"
"Danny Mendick","CHW","SS","182.1","0","","","0","","0","-1","","-1","","0.2","-1.1","1.4","0.5","3.4","","0","0","1.2","18889"
"Brandon Drury","CIN","3B","431.0","0","","","0","","1","-4","","-2","","-0.1","0.3","-0.2","0.0","0.1","","0","0","1.2","11615"
"Josh VanMeter","PIT","2B","259.0","0","","","1","","1","-1","","1","","0.4","2.3","-1.5","1.1","3.5","","1","1","1.2","15170"
"Wilmer Flores","SFG","2B","185.2","0","","","-1","","0","-1","","-2","","-0.4","0.3","0.8","0.7","6.8","","2","1","1.1","5827"
"Yu Chang","- - -","2B","120.1","0","","","0","","-1","1","","0","","0.3","0.1","-0.6","-0.1","-13.6","","1","1","1.1","14773"
"Tony Kemp","OAK","2B","463.1","0","","","-1","","-1","-3","","-5","","-0.5","-0.4","1.3","0.4","1.6","","2","1","1.1","14894"
"Ramon Laureano","OAK","RF","373.2","0","","","","2","1","0","","3","2.9","","0.0","-0.2","2.7","8.0","","-1","0","1.1","17128"
"Andres Gimenez","CLE","SS","130.0","0","","","0","","0","0","","0","","-0.1","-0.9","1.9","1.0","5.9","","1","1","1.0","19950"
"Mike Yastrzemski","SFG","CF","327.0","0","","","","1","0","2","","3","0.1","","1.0","0.2","1.3","4.9","","2","2","1.0","14854"
"Luis Arraez","MIN","2B","203.2","0","","","0","","0","3","","3","","0.3","0.6","0.1","1.1","10.7","","1","1","1.0","18568"
"Daulton Varsho","ARI","C","175.0","-2","-2","1","","","-1","","","-4","","","","","","","-1.5","","","1.0","19918"
"Matt Duffy","LAA","3B","155.2","0","","","0","","0","0","","0","","0.1","0.3","0.4","0.8","9.3","","1","1","1.0","13836"
"Jurickson Profar","SDP","LF","746.0","0","","","","3","1","3","","7","2.4","","-1.3","0.2","1.4","2.9","","1","0","1.0","10815"
"DJ LeMahieu","NYY","2B","216.0","0","","","0","","0","0","","0","","-0.4","0.2","0.8","0.5","5.9","","2","1","1.0","9874"
"Michael Papierski","- - -","C","136.1","0","0","0","","","0","","","1","","","","","","","-0.2","","","1.0","21386"
"Buddy Kennedy","ARI","2B","151.0","0","","","-1","","0","0","","-1","","-0.2","0.2","-0.2","-0.2","-0.8","","1","1","1.0","22505"
"Nick Allen","OAK","2B","228.0","0","","","0","","0","4","","4","","0.1","0.1","-1.3","-1.1","-8.4","","1","1","0.9","22277"
"Sam Hilliard","COL","LF","252.0","0","","","","1","2","1","","4","1.1","","1.8","0.3","3.3","14.3","","1","0","0.9","17954"
"Jorge Alfaro","SDP","C","387.2","-2","-1","0","","","-1","","","-4","","","","","","","-2.4","","","0.9","12180"
"Kyle Farmer","CIN","SS","692.0","0","","","1","","2","-3","","0","","0.6","-1.7","0.3","-0.8","-3.3","","-4","-3","0.9","14813"
"Mickey Moniak","PHI","CF","124.0","0","","","","-1","0","-1","","-2","-0.5","","0.7","0.2","0.4","5.5","","2","2","0.9","19956"
"Alejo Lopez","CIN","2B","122.1","0","","","0","","-1","-1","","-2","","0.0","-0.2","0.1","-0.1","-1.6","","1","1","0.9","21127"
"Wander Franco","TBR","SS","427.1","0","","","0","","0","1","","1","","-0.3","1.4","0.0","1.1","4.1","","-1","-1","0.9","23667"
"Christopher Morel","CHC","2B","176.0","0","","","0","","0","-1","","-1","","","0.2","-0.4","-0.3","-4.3","","1","1","0.9","21897"
"Ha-seong Kim","SDP","3B","171.1","0","","","0","","0","2","","2","","0.4","1.0","1.2","2.6","19.7","","0","0","0.9","27506"
"Adolis Garcia","TEX","CF","419.1","0","","","","-1","1","1","","1","-0.2","","1.1","0.1","1.0","3.5","","2","2","0.9","19287"
"Carlos Correa","MIN","SS","601.1","0","","","0","","0","2","","2","","0.0","0.9","-0.1","0.8","3.3","","-3","-2","0.8","14162"
"Luis Urias","MIL","2B","163.0","0","","","0","","0","0","","0","","0.4","-0.2","0.6","0.8","3.5","","0","0","0.8","16622"
"Bradley Zimmer","TOR","CF","244.2","0","","","","0","0","2","","2","0.2","","-1.7","0.2","-1.3","-6.7","","1","1","0.8","16221"
"Yandy Diaz","TBR","3B","521.0","0","","","0","","1","-5","","-4","","0.5","-0.5","2.8","2.9","8.1","","-2","-1","0.8","16578"
"Austin Wynns","SFG","C","150.1","0","0","0","","","0","","","0","","","","","","","-0.5","","","0.7","15271"
"Abraham Toro","SEA","3B","147.0","0","","","0","","0","2","","2","","-0.2","-0.7","0.3","-0.6","-8.2","","1","1","0.7","19844"
"Tyler Wade","LAA","2B","192.0","0","","","0","","0","0","","0","","","0.4","-0.6","-0.2","-3.0","","1","1","0.7","15730"
"Vidal Brujan","TBR","2B","226.1","0","","","0","","0","1","","1","","0.2","1.1","-1.1","0.3","0.6","","0","0","0.7","20536"
"Hunter Renfroe","MIL","RF","524.1","0","","","","3","2","4","","9","2.4","","1.7","0.3","4.4","13.6","","0","0","0.7","15464"
"Connor Joe","COL","LF","266.1","0","","","","0","0","6","","6","-0.2","","5.2","0.4","5.4","21.1","","2","2","0.7","16572"
"Yordan Alvarez","HOU","LF","279.0","0","","","","3","0","0","","3","4.0","","-0.5","-0.3","3.1","13.4","","-3","-3","0.6","19556"
"Leody Taveras","TEX","CF","262.0","0","","","","1","0","-1","","0","2.2","","-2.5","-0.1","-0.3","-2.9","","-1","-1","0.6","18900"
"Jesus Sanchez","MIA","CF","645.2","0","","","","3","0","-2","","1","3.7","","-3.6","-0.1","0.0","0.1","","-2","-2","0.6","19913"
"Sam Huff","TEX","C","121.0","0","-1","-1","","","-1","","","-3","","","","","","","0.5","","","0.6","22209"
"Josh Harrison","CHW","3B","110.2","0","","","0","","0","1","","1","","0.0","1.6","-0.6","1.0","16.9","","0","0","0.6","8202"
"Andy Ibanez","TEX","3B","196.2","0","","","-1","","-1","4","","2","","-0.4","0.7","-0.7","-0.4","-2.6","","1","0","0.5","18819"
"William Contreras","ATL","C","276.0","-2","3","0","","","0","","","0","","","","","","","-1.8","","","0.5","20503"
"Rafael Devers","BOS","3B","728.1","0","","","0","","0","-2","","-2","","-0.6","-2.2","-1.3","-4.1","-6.5","","-1","-1","0.5","17350"
"Anthony Bemboom","BAL","C","143.0","0","1","-1","","","0","","","1","","","","","","","0.3","","","0.5","13854"
"David Peralta","ARI","LF","589.0","0","","","","-3","-1","5","","1","-1.8","","2.8","0.2","1.2","1.7","","4","4","0.5","2136"
"Harold Ramirez","TBR","RF","104.1","0","","","","0","0","1","","1","0.1","","-0.2","0.1","0.0","1.7","","1","1","0.5","14387"
"Joey Wendle","MIA","3B","150.1","0","","","0","","0","0","","0","","0.1","0.4","-0.5","-0.1","-2.1","","0","0","0.5","13853"
"Jake Marisnick","PIT","CF","104.2","0","","","","0","-1","-1","","-2","0.1","","-1.0","0.2","-0.8","-8.6","","1","1","0.5","11339"
"DJ LeMahieu","NYY","1B","130.1","0","","","0","","1","2","","3","","0.0","0.3","0.3","0.6","9.9","","2","2","0.5","9874"
"Bryson Stott","PHI","SS","234.0","0","","","0","","0","-2","","-2","","0.3","-1.2","0.4","-0.5","-2.9","","-1","-1","0.5","26294"
"Avisail Garcia","MIA","RF","618.0","0","","","","0","0","-1","","-1","1.5","","-0.4","0.4","1.5","3.9","","1","1","0.4","5760"
"Jack Suwinski","PIT","LF","267.2","0","","","","1","1","0","","2","1.3","","-1.5","0.0","-0.1","5.6","","0","0","0.4","22244"
"Rafael Ortega","CHC","CF","209.0","0","","","","1","0","-3","","-2","1.6","","-2.5","-0.5","-1.4","-7.0","","-1","-1","0.4","10323"
"Mike Moustakas","CIN","3B","175.0","0","","","0","","0","-1","","-1","","-0.2","-0.5","-0.1","-0.8","-14.2","","0","0","0.4","4892"
"Skye Bolt","OAK","CF","142.0","0","","","","0","0","-3","","-3","-0.1","","-0.7","0.2","-0.7","-6.6","","1","1","0.4","17723"
"Aledmys Diaz","HOU","2B","104.0","0","","","0","","0","2","","2","","-0.1","-0.6","0.3","-0.4","-6.7","","1","0","0.4","15937"
"Albert Almora Jr.","CIN","RF","199.2","0","","","","0","-1","2","","1","0.5","","1.7","-0.4","1.7","13.6","","1","1","0.4","14109"
"J.P. Crawford","SEA","SS","744.2","0","","","1","","0","3","","4","","1.6","-0.5","-0.3","0.8","-0.5","","-6","-5","0.4","15491"
"Jeff McNeil","NYM","LF","238.0","0","","","","1","0","2","","3","-0.7","","0.1","-0.5","-1.1","-8.2","","2","2","0.4","15362"
"Miguel Andujar","NYY","LF","106.0","0","","","","0","0","3","","3","0.1","","1.4","0.2","1.6","19.6","","1","1","0.3","15878"
"Brandon Drury","CIN","2B","132.1","0","","","0","","0","-2","","-2","","","-0.2","0.3","0.1","1.6","","0","0","0.3","11615"
"Elvis Andrus","OAK","SS","737.1","0","","","0","","-1","-5","","-6","","-0.8","1.2","1.4","1.8","3.8","","-3","-2","0.3","8709"
"Adolis Garcia","TEX","RF","343.0","0","","","","1","1","2","","4","-0.1","","1.9","0.1","1.8","7.8","","2","2","0.3","19287"
"Sheldon Neuse","OAK","3B","284.0","0","","","0","","0","2","","2","","0.7","0.5","-2.9","-1.7","-12.3","","-2","-1","0.3","19635"
"Jordan Luplow","ARI","RF","154.2","0","","","","0","0","0","","0","0.7","","0.5","0.2","1.4","10.8","","0","0","0.3","16424"
"Francisco Mejia","TBR","C","383.1","-1","1","0","","","-1","","","-1","","","","","","","-3.0","","","0.3","16403"
"Trey Mancini","BAL","1B","222.0","0","","","0","","0","2","","2","","","-0.2","0.9","0.7","4.0","","3","2","0.2","15149"
"David Villar","SFG","3B","110.0","0","","","0","","0","0","","0","","-0.2","0.1","0.3","0.2","1.9","","0","0","0.2","24782"
"Jose Azocar","SDP","RF","208.1","0","","","","0","0","0","","0","0.2","","0.9","-0.6","0.5","3.1","","1","1","0.2","18821"
"Tyrone Taylor","MIL","CF","317.0","0","","","","1","0","1","","2","0.8","","0.0","0.4","1.3","5.4","","0","0","0.2","13675"
"Evan Longoria","SFG","3B","309.2","0","","","-1","","0","-4","","-5","","-0.7","-0.1","0.8","0.0","1.5","","0","0","0.2","9368"
"Aaron Judge","NYY","RF","239.2","0","","","","0","-1","0","","-1","-0.2","","-0.5","0.3","-0.4","-2.1","","1","1","0.2","15640"
"Aledmys Diaz","HOU","SS","122.0","0","","","0","","0","0","","0","","-0.1","0.2","0.5","0.7","9.7","","0","0","0.2","15937"
"Paul DeJong","STL","SS","202.0","0","","","0","","0","4","","4","","-0.3","1.6","0.7","2.0","9.9","","-1","0","0.2","18015"
"Albert Almora Jr.","CIN","CF","105.0","0","","","","-1","0","2","","1","-0.6","","0.1","0.1","-0.5","-8.1","","1","1","0.2","14109"
"Willi Castro","DET","RF","143.0","0","","","","0","0","2","","2","0.1","","0.3","0.2","0.6","6.0","","1","1","0.1","17338"
"Josh Smith","TEX","3B","210.2","0","","","0","","0","3","","3","","0.0","-1.9","1.2","-0.7","-2.9","","-1","0","0.1","26396"
"Taylor Trammell","SEA","RF","201.0","0","","","","0","-1","2","","1","0.0","","-0.1","0.2","0.1","1.0","","1","1","0.1","19960"
"Marcus Semien","TEX","2B","762.1","0","","","0","","0","4","","4","","-0.8","0.7","2.3","2.2","3.8","","0","0","0.1","12533"
"Kyle Tucker","HOU","RF","756.2","0","","","","1","4","6","","11","0.8","","-0.5","0.6","1.0","2.3","","2","2","0.1","18345"
"Jason Castro","HOU","C","201.0","-1","1","0","","","-1","","","-1","","","","","","","-1.7","","","0.1","8722"
"Jason Heyward","CHC","CF","182.0","0","","","","0","0","-2","","-2","-0.5","","-1.6","0.3","-1.8","-14.2","","1","1","0.0","4940"
"Jeff McNeil","NYM","2B","383.0","0","","","-1","","0","0","","-1","","-0.4","-0.8","1.2","0.0","0.8","","0","0","0.0","15362"
"Josh Rojas","ARI","3B","523.1","0","","","0","","1","-2","","-1","","-0.1","-0.1","-0.9","-1.1","-3.0","","-2","-1","0.0","19734"
"Gilberto Celestino","MIN","LF","100.0","0","","","","0","0","-2","","-2","0.2","","-1.3","-0.2","-1.3","-16.9","","0","0","0.0","20233"
"Jack Suwinski","PIT","RF","217.0","0","","","","-1","2","0","","1","0.4","","0.4","-0.6","0.2","1.3","","0","0","0.0","22244"
"Steven Duggar","- - -","CF","105.1","0","","","","0","0","-1","","-1","0.1","","-0.1","0.1","0.1","1.8","","0","0","0.0","17719"
"Kevin Plawecki","BOS","C","239.0","-1","0","-1","","","-2","","","-5","","","","","","","-1.1","","","0.0","13807"
"George Springer","TOR","CF","458.0","0","","","","0","0","-1","","-1","-0.3","","0.0","0.1","-0.2","-0.7","","1","1","0.0","12856"
"Jose Altuve","HOU","2B","654.2","0","","","1","","-1","-4","","-4","","-0.4","0.1","-1.6","-1.8","-5.0","","0","0","-0.1","5417"
"Dominic Smith","NYM","1B","196.0","0","","","0","","0","1","","1","","-0.1","0.1","0.7","0.8","4.6","","2","2","-0.1","15653"
"Seth Brown","OAK","LF","128.1","0","","","","0","0","0","","0","0.0","","-0.7","0.1","-0.5","-7.5","","0","0","-0.1","18171"
"Jason Vosler","SFG","3B","143.2","0","","","0","","0","-6","","-6","","0.0","-1.7","1.0","-0.8","-6.2","","-1","0","-0.1","16686"
"Mauricio Dubon","- - -","CF","144.2","0","","","","1","0","-1","","0","0.1","","-0.1","0.1","0.2","2.3","","0","0","-0.1","16530"
"Wil Myers","SDP","RF","278.2","0","","","","0","1","3","","4","-1.3","","3.4","0.0","2.1","8.8","","2","2","-0.1","10047"
"Eric Haase","DET","C","324.0","-2","-1","0","","","0","","","-3","","","","","","","-2.9","","","-0.1","14111"
"Adam Duvall","ATL","LF","237.1","0","","","","0","-2","0","","-2","-0.6","","-1.2","-0.1","-2.0","-13.9","","1","1","-0.1","10950"
"Ezequiel Duran","TEX","3B","152.0","0","","","-1","","0","-1","","-2","","-0.7","1.0","-0.7","-0.4","-0.2","","0","0","-0.2","23733"
"Christian Bethancourt","- - -","1B","216.0","0","","","0","","-1","0","","-1","","","-0.1","-0.3","-0.4","-4.1","","2","2","-0.2","10028"
"Brett Phillips","TBR","CF","272.1","0","","","","-1","0","-4","","-5","-1.7","","-0.5","-0.6","-2.8","-13.3","","2","2","-0.2","14735"
"Bryan De La Cruz","MIA","LF","168.1","0","","","","-1","0","4","","3","-0.2","","1.3","-0.1","0.9","7.9","","0","0","-0.2","19600"
"Eddie Rosario","ATL","LF","116.0","0","","","","1","0","0","","1","-0.1","","-1.0","0.1","-0.9","-9.4","","0","0","-0.2","12155"
"Rodolfo Castro","PIT","SS","155.0","0","","","0","","-1","-1","","-2","","-0.1","0.7","-2.0","-1.4","-9.4","","-1","-1","-0.2","21987"
"Franchy Cordero","BOS","RF","113.2","0","","","","0","0","0","","0","0.7","","1.5","-0.7","1.5","24.3","","-1","-1","-0.3","14567"
"Oneil Cruz","PIT","SS","249.2","0","","","1","","0","3","","4","","0.1","1.0","-0.2","0.9","3.7","","-2","-2","-0.3","21711"
"Sam Haggerty","SEA","RF","109.0","0","","","","-1","0","2","","1","-0.8","","0.5","0.1","-0.1","-2.7","","1","1","-0.3","18054"
"Cesar Hernandez","WSN","2B","823.0","0","","","-1","","0","-2","","-3","","0.5","-1.7","1.3","0.0","-0.3","","-2","-1","-0.3","10556"
"Jackie Bradley Jr.","BOS","CF","158.2","0","","","","0","0","-1","","-1","-0.3","","-0.4","0.2","-0.5","-3.9","","0","0","-0.3","12984"
"Brad Miller","TEX","3B","136.0","0","","","0","","0","-4","","-4","","0.1","-0.8","-0.5","-1.2","-10.5","","-1","-1","-0.3","12775"
"Corey Dickerson","STL","LF","141.0","0","","","","-1","-1","2","","0","-0.2","","1.2","0.2","1.2","8.9","","0","0","-0.3","10762"
"Giancarlo Stanton","NYY","RF","280.2","0","","","","0","0","-3","","-3","1.4","","-1.3","0.0","0.1","2.7","","-1","-1","-0.3","4949"
"Jo Adell","LAA","RF","113.0","0","","","","0","0","1","","1","-1.4","","0.2","-0.1","-1.3","-8.1","","2","2","-0.3","20220"
"Adam Engel","CHW","CF","176.0","0","","","","-1","1","0","","0","-1.2","","-0.7","-0.1","-2.1","-14.4","","1","1","-0.3","15082"
"Leury Garcia","CHW","2B","368.1","0","","","0","","0","-1","","-1","","-0.2","0.5","0.2","0.5","1.6","","-1","0","-0.3","5913"
"Mitch Garver","TEX","C","124.0","0","0","-1","","","-1","","","-2","","","","","","","-0.4","","","-0.3","15161"
"Luis Torrens","SEA","C","227.0","-2","-1","0","","","-1","","","-4","","","","","","","-2.3","","","-0.4","15905"
"Brendan Rodgers","COL","2B","755.0","0","","","2","","0","7","","9","","1.0","0.4","2.5","3.9","3.6","","-3","-2","-0.4","17907"
"Josh Lowe","TBR","RF","207.1","0","","","","1","0","-1","","0","0.9","","-0.6","0.3","0.5","2.4","","-1","0","-0.4","19953"
"CJ Abrams","SDP","SS","252.2","0","","","0","","-1","0","","-1","","-0.1","-0.5","0.4","-0.2","-1.1","","-2","-1","-0.4","25768"
"Robbie Grossman","DET","LF","324.0","0","","","","-1","0","2","","1","-0.6","","1.6","-0.4","0.6","3.5","","1","1","-0.4","5254"
"Brandon Marsh","LAA","CF","101.0","0","","","","-1","0","1","","0","-0.6","","0.5","0.1","0.0","-5.8","","0","0","-0.4","20202"
"Yonathan Daza","COL","CF","446.0","0","","","","1","-1","-5","","-5","-0.8","","-0.8","-0.1","-1.7","-4.4","","2","1","-0.4","15794"
"Chris Taylor","LAD","LF","502.0","0","","","","0","0","-5","","-5","1.9","","-2.2","-0.4","-0.7","0.8","","-1","-1","-0.4","13757"
"Tyrone Taylor","MIL","RF","162.1","0","","","","-1","0","0","","-1","0.0","","-0.8","0.2","-0.6","-5.4","","0","0","-0.4","13675"
"Teoscar Hernandez","TOR","RF","550.2","0","","","","4","0","-2","","2","3.1","","-2.1","-0.9","0.2","-1.8","","-2","-2","-0.4","13066"
"Max Muncy","LAD","2B","195.2","0","","","1","","0","1","","2","","0.5","-0.6","-1.0","-1.2","-18.1","","-1","-1","-0.4","13301"
"Connor Joe","COL","1B","143.0","0","","","0","","-1","4","","3","","0.0","2.0","0.1","2.1","9.7","","1","1","-0.4","16572"
"Jean Segura","PHI","2B","373.0","0","","","0","","0","2","","2","","-0.1","0.2","0.1","0.3","0.9","","-1","-1","-0.5","5933"
"Nick Solak","TEX","LF","112.0","0","","","","-1","0","-3","","-4","1.2","","-0.9","0.1","0.5","6.0","","-2","-1","-0.5","19294"
"Dylan Moore","SEA","SS","116.0","0","","","-1","","0","-1","","-2","","0.1","-0.1","0.2","0.2","2.0","","-2","-1","-0.5","18042"
"Michael Brantley","HOU","LF","249.0","0","","","","1","0","1","","2","0.6","","0.4","0.3","1.3","8.0","","0","0","-0.5","4106"
"Alcides Escobar","WSN","SS","307.2","0","","","0","","0","-5","","-5","","0.2","0.2","-0.7","-0.4","-1.5","","-3","-2","-0.5","6310"
"Raimel Tapia","TOR","CF","149.2","0","","","","0","-1","0","","-1","-0.6","","-1.3","-0.2","-2.1","-18.1","","0","0","-0.5","14350"
"Diego Castillo","PIT","2B","165.2","0","","","0","","-1","-2","","-3","","","-1.7","0.5","-1.2","-14.2","","-1","-1","-0.5","19906"
"Sheldon Neuse","OAK","2B","122.0","0","","","0","","0","-4","","-4","","0.3","-0.8","-0.5","-1.0","-12.3","","-1","-1","-0.5","19635"
"Kole Calhoun","TEX","LF","160.0","0","","","","0","-1","1","","0","0.2","","0.6","0.3","1.2","7.0","","0","0","-0.5","11200"
"Willi Castro","DET","LF","206.2","0","","","","1","0","0","","1","0.0","","-1.1","-0.4","-1.5","-12.6","","0","0","-0.6","17338"
"Chad Pinder","OAK","LF","394.2","0","","","","-2","1","-1","","-2","1.9","","-0.2","0.4","2.2","5.9","","-2","-1","-0.6","15191"
"Adam Duvall","ATL","CF","382.0","0","","","","-1","-1","3","","1","-1.5","","0.9","0.2","-0.4","-2.5","","2","2","-0.6","10950"
"Yandy Diaz","TBR","1B","133.0","0","","","0","","0","0","","0","","","-0.1","0.1","-0.1","-0.5","","1","0","-0.6","16578"
"Whit Merrifield","KCR","RF","252.0","0","","","","-1","0","-1","","-2","-0.4","","-0.7","0.3","-0.8","-4.3","","1","1","-0.6","11281"
"Alex Verdugo","BOS","LF","779.1","0","","","","-2","0","-2","","-4","0.9","","2.0","-0.3","2.6","5.1","","1","0","-0.6","17027"
"Gleyber Torres","NYY","2B","653.2","0","","","-1","","0","6","","5","","-0.3","1.3","-0.3","0.7","1.6","","-1","-1","-0.7","16997"
"Maikel Franco","WSN","3B","735.2","0","","","-2","","0","-7","","-10","","-0.3","-1.2","0.4","-1.1","-2.0","","-3","-2","-0.7","12179"
"Trayce Thompson","- - -","RF","105.0","0","","","","0","0","2","","2","0.4","","0.5","0.2","1.1","10.9","","-1","-1","-0.7","9952"
"Josh Naylor","CLE","1B","394.0","0","","","0","","-1","1","","0","","0.1","1.0","-1.5","-0.4","-1.6","","3","2","-0.7","18839"
"Jon Berti","MIA","2B","151.2","0","","","0","","0","1","","1","","-0.2","0.7","-0.1","0.4","4.3","","-1","-1","-0.7","12037"
"Keston Hiura","MIL","1B","110.0","0","","","0","","1","0","","1","","0.2","0.3","0.6","1.2","6.9","","0","0","-0.7","20003"
"Brandon Lowe","TBR","2B","277.1","0","","","1","","0","-4","","-3","","0.5","-0.9","-0.6","-1.0","-6.7","","-2","-1","-0.8","18882"
"Cavan Biggio","TOR","1B","156.0","0","","","0","","0","2","","2","","-0.1","0.5","-0.3","0.1","0.9","","1","1","-0.8","19252"
"Mike Moustakas","CIN","1B","119.0","0","","","0","","-1","0","","-1","","","0.0","0.1","0.1","3.3","","0","0","-0.8","4892"
"Kurt Suzuki","LAA","C","236.2","-1","-1","-1","","","1","","","-2","","","","","","","-1.9","","","-0.8","8259"
"Michael Perez","PIT","C","294.2","-2","0","-1","","","2","","","-2","","","","","","","-2.4","","","-0.8","12977"
"Wilmer Flores","SFG","1B","185.1","0","","","0","","0","0","","0","","-0.1","0.4","-1.1","-0.8","-13.8","","1","1","-0.9","5827"
"P.J. Higgins","CHC","C","115.0","-1","0","-1","","","-1","","","-4","","","","","","","-0.8","","","-0.9","18433"
"Nick Senzel","CIN","CF","553.2","0","","","","-3","-1","-2","","-6","0.9","","-0.5","0.6","1.0","2.6","","-1","-1","-0.9","19293"
"Austin Hays","BAL","LF","436.1","0","","","","2","0","2","","4","1.9","","1.1","0.5","3.5","10.2","","-2","-2","-0.9","19363"
"Luis Barrera","OAK","RF","101.0","0","","","","-1","0","3","","2","-0.9","","2.3","-0.2","1.1","25.9","","0","0","-0.9","19615"
"Adam Engel","CHW","RF","281.0","0","","","","0","1","2","","3","-0.4","","-0.5","0.3","-0.6","-3.1","","1","1","-0.9","15082"
"Nolan Jones","CLE","RF","103.0","0","","","","-1","0","0","","-1","-0.4","","0.9","0.2","0.6","5.1","","0","0","-0.9","20529"
"Whit Merrifield","KCR","2B","417.0","0","","","1","","0","-3","","-2","","-0.8","-0.5","0.9","-0.4","-0.1","","-1","0","-0.9","11281"
"Jason Heyward","CHC","RF","166.1","0","","","","-1","0","0","","-1","-1.3","","1.4","0.2","0.3","5.8","","1","1","-0.9","4940"
"Luis Rengifo","LAA","2B","393.2","0","","","0","","0","-4","","-4","","0.0","-0.8","-1.7","-2.4","-8.9","","-2","-1","-1.0","19858"
"Tyler O'Neill","STL","LF","422.2","0","","","","-1","1","1","","1","-0.7","","-0.8","0.5","-1.0","-3.8","","1","1","-1.0","15711"
"Julio Rodriguez","SEA","CF","787.2","0","","","","-2","-1","5","","2","-3.9","","3.2","0.2","-0.6","-1.7","","5","5","-1.0","23697"
"Brendan Donovan","STL","RF","117.0","0","","","","1","1","-3","","-1","1.5","","-1.1","0.2","0.5","7.8","","-2","-2","-1.0","24679"
"Wilmer Flores","SFG","3B","182.2","0","","","0","","0","-1","","-1","","-0.2","0.1","-0.6","-0.6","-3.5","","-2","-1","-1.1","5827"
"Kevin Newman","PIT","SS","131.0","0","","","0","","1","-2","","-1","","0.2","1.1","-1.0","0.3","1.9","","-2","-2","-1.1","17696"
"Thairo Estrada","SFG","2B","519.0","0","","","-2","","-1","-7","","-10","","-0.4","-1.0","-0.5","-2.0","-6.2","","-2","-1","-1.2","16426"
"Andrew McCutchen","MIL","LF","168.0","0","","","","-1","0","3","","2","-1.4","","1.8","0.1","0.5","5.8","","1","1","-1.2","9847"
"Jarren Duran","BOS","CF","223.0","0","","","","-1","-1","-4","","-6","-0.6","","-2.4","0.2","-2.8","-15.5","","0","0","-1.2","24617"
"Brendan Donovan","STL","LF","119.0","0","","","","0","0","0","","0","-0.2","","-0.7","0.2","-0.7","-6.7","","-1","-1","-1.3","24679"
"Diego Castillo","PIT","RF","111.1","0","","","","-1","0","-1","","-2","-0.4","","-1.7","-0.1","-2.2","-20.3","","-1","-1","-1.3","19906"
"Jeimer Candelario","DET","3B","603.2","0","","","0","","0","-3","","-3","","0.3","0.4","-1.8","-1.1","-4.5","","-4","-3","-1.3","13621"
"Andrelton Simmons","CHC","2B","106.0","0","","","0","","0","-1","","-1","","-0.4","0.1","0.4","0.1","4.2","","-1","-1","-1.4","10847"
"Garrett Stubbs","PHI","C","177.2","-1","0","-1","","","1","","","0","","","","","","","-1.9","","","-1.4","18067"
"Manuel Margot","TBR","RF","210.2","0","","","","-2","0","0","","-2","1.3","","-0.8","-0.9","-0.4","-3.3","","-2","-2","-1.4","14712"
"Taylor Walls","TBR","SS","383.0","0","","","0","","1","2","","3","","-0.1","-0.1","-1.3","-1.6","-6.0","","-4","-3","-1.4","22458"
"Eduardo Escobar","NYM","3B","734.2","0","","","0","","1","-8","","-8","","-0.1","-1.1","-1.7","-2.9","-9.5","","-4","-3","-1.4","6153"
"Hunter Dozier","KCR","1B","298.0","0","","","0","","-1","-1","","-2","","0.0","-0.7","1.0","0.2","0.7","","1","1","-1.4","15117"
"Lane Thomas","WSN","CF","237.0","0","","","","0","0","1","","1","-0.9","","1.6","-0.6","0.1","0.2","","0","0","-1.5","16939"
"Jacob Stallings","MIA","C","573.2","1","-3","-3","","","2","","","-5","","","","","","","-3.4","","","-1.5","13723"
"Curt Casali","SFG","C","301.0","-2","3","-1","","","1","","","3","","","","","","","-3.1","","","-1.5","12510"
"Austin Slater","SFG","CF","315.2","0","","","","-2","-1","-3","","-6","-1.7","","-2.8","-0.1","-4.6","-18.7","","1","1","-1.5","16153"
"Nolan Gorman","STL","2B","324.1","0","","","1","","0","0","","1","","1.4","-0.7","0.2","0.9","0.5","","-4","-3","-1.6","22263"
"Kole Calhoun","TEX","RF","470.2","0","","","","-2","0","-1","","-3","-0.4","","0.2","0.4","0.2","1.0","","1","1","-1.6","11200"
"Didi Gregorius","PHI","SS","441.0","0","","","0","","-2","-2","","-4","","0.4","-2.3","3.5","1.6","3.0","","-5","-4","-1.6","6012"
"Brendan Donovan","STL","2B","118.2","0","","","0","","1","0","","1","","","-0.1","0.8","0.7","5.0","","-2","-2","-1.6","24679"
"Hanser Alberto","LAD","2B","128.0","0","","","1","","0","-1","","0","","0.2","0.5","-0.8","0.0","-3.4","","-3","-2","-1.6","11902"
"Luis Gonzalez","SFG","RF","284.0","0","","","","2","0","1","","3","0.8","","-0.7","-0.2","0.0","1.0","","-2","-1","-1.7","20332"
"Brian Anderson","MIA","3B","353.0","0","","","0","","0","-5","","-5","","-0.1","0.2","-2.0","-1.9","-6.0","","-3","-2","-1.7","18289"
"Lars Nootbaar","STL","RF","160.0","0","","","","2","0","-2","","0","0.4","","-1.2","-0.1","-0.9","-7.8","","-2","-1","-1.7","21454"
"Tony Kemp","OAK","LF","193.0","0","","","","-1","0","1","","0","0.1","","-0.1","0.3","0.3","2.2","","-2","-1","-1.7","14894"
"Rob Refsnyder","BOS","RF","112.0","0","","","","0","0","1","","1","-0.9","","0.2","0.1","-0.5","-2.7","","-1","0","-1.8","13770"
"Nick Gordon","MIN","CF","170.0","0","","","","0","0","0","","0","-0.9","","1.6","-1.0","-0.2","-2.0","","-1","-1","-1.8","16337"
"Michael A. Taylor","KCR","CF","566.0","0","","","","2","2","3","","7","-0.4","","3.3","-1.0","2.0","5.5","","0","0","-1.8","11489"
"Andrew Knizner","STL","C","432.0","-4","0","0","","","1","","","-4","","","","","","","-5.5","","","-1.8","19514"
"Pavin Smith","ARI","RF","328.0","0","","","","0","0","0","","0","-0.4","","5.3","-0.7","4.2","14.6","","0","0","-1.8","19892"
"Travis Demeritte","ATL","RF","167.0","0","","","","1","0","-1","","0","0.1","","-0.2","0.2","0.2","1.1","","-1","-1","-1.8","15958"
"Anthony Santander","BAL","RF","413.2","0","","","","1","0","2","","3","-0.7","","-1.4","0.1","-2.0","-6.9","","0","0","-1.8","14551"
"Akil Baddoo","DET","CF","127.0","0","","","","0","0","-2","","-2","-0.7","","-1.0","-0.1","-1.8","-14.7","","-1","-1","-1.8","22168"
"Tyler Nevin","BAL","3B","274.1","0","","","0","","-1","-1","","-2","","-0.1","0.6","0.0","0.4","1.7","","-3","-2","-1.9","17893"
"Jake McCarthy","ARI","RF","157.2","0","","","","1","0","-1","","0","-0.5","","-0.4","0.3","-0.7","-5.8","","-1","-1","-1.9","21622"
"Taylor Ward","LAA","RF","530.0","0","","","","-3","-1","4","","0","-1.7","","1.2","-0.2","-0.7","-0.6","","2","2","-1.9","17548"
"Andrew Benintendi","KCR","LF","757.0","0","","","","-1","0","2","","1","0.1","","5.9","1.1","7.1","11.5","","0","0","-1.9","17901"
"Gavin Lux","LAD","LF","190.1","0","","","","0","0","-2","","-2","-0.2","","-0.4","0.1","-0.4","-4.3","","-1","-1","-1.9","19955"
"Aaron Hicks","NYY","CF","395.0","0","","","","-2","0","-1","","-3","-1.4","","-2.2","0.3","-3.3","-15.5","","0","0","-2.0","5297"
"Ryan Mountcastle","BAL","1B","570.2","0","","","0","","2","1","","3","","-0.2","0.2","0.3","0.2","0.6","","4","3","-2.0","18373"
"Eloy Jimenez","CHW","LF","113.2","0","","","","0","0","-1","","-1","0.1","","-0.2","0.2","0.1","2.1","","-2","-2","-2.0","17484"
"Rougned Odor","BAL","2B","627.2","0","","","0","","0","-4","","-4","","0.9","-1.5","-1.7","-2.3","-4.3","","-4","-3","-2.0","12282"
"Colin Moran","CIN","1B","150.2","0","","","0","","-1","0","","-1","","","-0.2","0.1","-0.2","-8.9","","-1","-1","-2.0","16909"
"Darin Ruf","SFG","1B","235.0","0","","","0","","1","-4","","-3","","-0.1","0.3","-0.6","-0.5","-1.8","","0","0","-2.0","9929"
"Alex Kirilloff","MIN","1B","131.2","0","","","0","","0","-1","","-1","","","-0.2","0.1","-0.1","-4.8","","-1","-1","-2.0","20325"
"Riley Greene","DET","CF","275.0","0","","","","-1","0","0","","-1","-1.4","","1.7","-0.6","-0.3","-1.4","","0","0","-2.0","25976"
"Cooper Hummel","ARI","LF","153.2","0","","","","0","1","-1","","0","-0.3","","-1.0","-0.1","-1.4","-12.2","","-1","-1","-2.0","19458"
"Trent Grisham","SDP","CF","760.1","0","","","","-3","1","0","","-2","-2.8","","0.0","-0.6","-3.4","-7.3","","3","2","-2.1","18564"
"Mike Brosseau","MIL","3B","201.2","0","","","0","","-1","-1","","-2","","-0.2","-0.9","-0.9","-2.0","-11.6","","-3","-2","-2.1","19683"
"Richie Palacios","CLE","LF","146.0","0","","","","-1","0","1","","0","-0.9","","-0.6","0.3","-1.2","-10.3","","-1","-1","-2.1","24589"
"Austin Meadows","DET","LF","123.1","0","","","","-1","1","3","","3","-1.1","","1.1","0.2","0.2","4.3","","-1","-1","-2.1","15672"
"Mike Yastrzemski","SFG","RF","310.2","0","","","","0","-1","2","","1","-1.2","","1.5","0.1","0.3","1.2","","0","0","-2.1","14854"
"Michael Chavis","PIT","1B","448.2","0","","","0","","1","2","","3","","0.0","0.2","0.9","1.1","5.0","","2","1","-2.1","17321"
"Bryan De La Cruz","MIA","RF","165.1","0","","","","1","-1","0","","0","0.0","","0.2","-0.6","-0.5","-4.1","","-2","-2","-2.2","19600"
"Stephen Piscotty","OAK","RF","173.0","0","","","","-2","0","-1","","-3","-0.9","","-0.5","0.2","-1.2","-7.6","","-1","-1","-2.2","13367"
"Jorge Soler","MIA","LF","469.0","0","","","","0","1","-2","","-1","0.8","","-2.1","0.5","-0.8","-2.0","","-2","-2","-2.2","14221"
"Taylor Walls","TBR","2B","127.2","0","","","1","","0","1","","2","","-0.3","0.6","-0.1","0.2","2.8","","-3","-2","-2.2","22458"
"Elias Diaz","COL","C","533.0","-7","-3","0","","","-1","","","-11","","","","","","","-6.8","","","-2.2","11680"
"Luis Garcia","WSN","SS","388.1","0","","","-1","","-1","-9","","-11","","0.1","0.0","-4.1","-4.0","-17.3","","-5","-4","-2.2","20391"
"LaMonte Wade Jr.","SFG","RF","101.0","0","","","","0","0","-2","","-2","-0.1","","-1.2","0.1","-1.2","-15.6","","-2","-2","-2.3","18126"
"Ramon Laureano","OAK","CF","169.0","0","","","","0","-1","-6","","-7","0.7","","-3.9","0.2","-3.0","-25.5","","-3","-3","-2.3","17128"
"Nomar Mazara","SDP","RF","277.2","0","","","","-2","-1","1","","-2","-2.1","","0.6","0.1","-1.4","-7.5","","1","1","-2.3","14553"
"Garrett Cooper","MIA","1B","368.0","0","","","0","","0","-1","","-2","","0.1","0.3","-0.5","-0.1","-0.8","","1","1","-2.3","15279"
"Matt Vierling","PHI","CF","248.0","0","","","","-1","0","-1","","-2","-1.4","","0.4","0.4","-0.7","-9.9","","0","0","-2.3","21558"
"Chas McCormick","HOU","LF","215.0","0","","","","-1","0","-2","","-3","-1.4","","-2.0","-0.6","-4.0","-35.9","","0","0","-2.3","19599"
"Luis Urias","MIL","3B","225.1","0","","","0","","0","-2","","-2","","-0.3","-0.9","-1.1","-2.3","-10.6","","-3","-3","-2.3","16622"
"Harold Castro","DET","1B","112.0","0","","","0","","0","-1","","-1","","","-0.1","0.0","0.0","-6.1","","-2","-1","-2.3","14691"
"Harold Castro","DET","SS","118.0","0","","","0","","0","-2","","-2","","0.1","-0.4","-0.8","-1.1","-17.2","","-4","-3","-2.3","14691"
"Matt Reynolds","CIN","2B","215.0","0","","","0","","-1","-2","","-3","","0.0","-0.2","-0.8","-1.1","-11.3","","-3","-3","-2.5","13788"
"Raimel Tapia","TOR","LF","216.0","0","","","","1","0","-1","","0","-0.8","","-1.5","0.3","-2.0","-16.6","","-1","-1","-2.5","14350"
"Ian Happ","CHC","LF","706.0","0","","","","1","-1","4","","4","-0.2","","3.5","0.3","3.6","6.0","","-1","0","-2.5","17919"
"Juan Yepez","STL","RF","111.2","0","","","","1","0","-1","","0","0.1","","-0.6","0.1","-0.4","-4.2","","-2","-2","-2.5","18400"
"Bobby Witt Jr.","KCR","SS","532.0","0","","","0","","0","-14","","-14","","-1.4","-2.3","-1.3","-4.9","-7.9","","-5","-4","-2.5","25764"
"Miguel Sano","MIN","1B","139.0","0","","","0","","0","1","","1","","","-0.1","-1.4","-1.5","-55.4","","-2","-1","-2.5","12164"
"Geraldo Perdomo","ARI","SS","666.1","0","","","-1","","0","-5","","-6","","-0.3","-2.8","-0.1","-3.2","-5.7","","-7","-5","-2.6","22799"
"Jonathan India","CIN","2B","324.1","0","","","0","","-1","-8","","-9","","0.2","-0.4","-1.3","-1.5","-6.6","","-4","-3","-2.6","21523"
"Luis Robert","CHW","CF","633.2","0","","","","0","0","-3","","-3","-1.8","","-4.8","-0.7","-7.2","-18.1","","1","1","-2.6","20043"
"Mark Canha","NYM","LF","538.2","0","","","","-1","-1","1","","-1","-1.0","","0.2","0.5","-0.3","-1.3","","0","0","-2.6","11445"
"Owen Miller","CLE","1B","396.1","0","","","0","","-1","0","","-1","","0.0","1.8","-1.8","0.1","0.2","","1","1","-2.6","24655"
"Robinson Cano","- - -","2B","134.0","0","","","0","","0","-4","","-4","","-0.3","0.0","0.8","0.5","3.1","","-3","-2","-2.6","3269"
"Dylan Carlson","STL","RF","398.0","0","","","","-1","0","-5","","-6","0.3","","-0.5","0.1","-0.1","-0.4","","-2","-2","-2.7","20126"
"Bryan De La Cruz","MIA","CF","167.0","0","","","","1","0","-2","","-1","0.0","","-2.4","-0.9","-3.3","-29.4","","-3","-2","-2.7","19600"
"Jorge Polanco","MIN","2B","629.2","0","","","0","","1","0","","1","","-0.7","0.4","-2.0","-2.3","-5.5","","-3","-2","-2.7","13152"
"Luis Urias","MIL","SS","189.2","0","","","-1","","0","0","","-1","","-0.7","0.5","-1.1","-1.2","-8.7","","-4","-3","-2.8","16622"
"Gio Urshela","MIN","3B","682.2","0","","","0","","0","1","","1","","0.2","-0.2","0.7","0.7","1.9","","-6","-5","-2.8","10681"
"Seiya Suzuki","CHC","RF","456.2","0","","","","-1","-1","-2","","-4","0.4","","-0.3","-0.9","-0.7","-1.6","","-2","-2","-2.8","30116"
"Ji-Man Choi","TBR","1B","528.2","0","","","0","","0","-2","","-2","","","0.7","1.1","1.8","4.6","","2","1","-2.8","5452"
"Austin Riley","ATL","3B","854.1","0","","","-1","","0","0","","0","","0.1","-2.4","-1.1","-3.4","-11.3","","-7","-5","-2.8","18360"
"Luis Arraez","MIN","1B","312.0","0","","","0","","1","-2","","-1","","0.1","-0.1","0.9","1.0","5.6","","-1","0","-2.8","18568"
"Nick Gordon","MIN","LF","270.2","0","","","","-1","1","1","","1","-1.5","","-0.4","0.1","-1.8","-8.4","","-1","-1","-2.8","16337"
"Andrew Vaughn","CHW","RF","154.0","0","","","","-1","-1","-3","","-5","-1.1","","-2.0","-0.4","-3.5","-31.8","","-1","-1","-2.8","26197"
"Yoshi Tsutsugo","PIT","1B","276.0","0","","","0","","0","-4","","-4","","","-1.6","-0.3","-2.0","-11.3","","-1","-1","-2.9","27459"
"Charlie Blackmon","COL","RF","295.1","0","","","","0","-1","-1","","-2","0.7","","0.5","-0.5","0.7","2.7","","-3","-3","-2.9","7859"
"Edward Olivares","KCR","RF","150.0","0","","","","1","0","-4","","-3","0.8","","-0.7","-0.6","-0.5","-4.5","","-4","-3","-2.9","19698"
"Ketel Marte","ARI","2B","521.2","0","","","-1","","0","-4","","-5","","-0.2","1.3","-2.4","-1.3","-3.6","","-4","-3","-3.0","13613"
"Salvador Perez","KCR","C","309.0","-3","1","-1","","","1","","","-1","","","","","","","-4.6","","","-3.0","7304"
"Steven Kwan","CLE","RF","153.0","0","","","","-2","0","-2","","-4","-0.6","","-1.1","-0.4","-2.0","-16.8","","-2","-2","-3.0","24610"
"Alec Bohm","PHI","3B","670.1","0","","","-1","","0","-12","","-13","","-0.2","-3.0","1.6","-1.5","-2.1","","-6","-5","-3.0","21618"
"Luis Gonzalez","SFG","LF","122.2","0","","","","0","-1","-4","","-5","-0.3","","-1.9","-0.2","-2.4","-28.4","","-3","-2","-3.1","20332"
"Lane Thomas","WSN","LF","330.0","0","","","","0","-1","0","","-1","-1.1","","0.1","0.1","-0.9","-3.3","","-1","-1","-3.1","16939"
"Oscar Mercado","CLE","RF","211.0","0","","","","1","0","1","","2","-0.7","","0.9","0.3","0.4","1.8","","-2","-2","-3.1","16375"
"Austin Hays","BAL","RF","292.0","0","","","","2","0","0","","2","0.3","","-0.8","0.2","-0.3","-0.8","","-3","-2","-3.2","19363"
"Hunter Dozier","KCR","RF","173.0","0","","","","-2","0","-3","","-5","-0.8","","0.3","0.2","-0.3","-1.2","","-2","-2","-3.2","15117"
"Patrick Wisdom","CHC","3B","718.0","0","","","1","","-1","-2","","-2","","0.5","1.4","-0.4","1.5","2.0","","-7","-6","-3.2","13602"
"Randy Arozarena","TBR","LF","657.2","0","","","","1","-1","-1","","-1","0.6","","0.8","-1.4","0.0","0.3","","-2","-2","-3.2","19290"
"Tyler Naquin","CIN","RF","316.0","0","","","","0","1","-3","","-2","-1.2","","-2.8","0.3","-3.7","-19.2","","-1","-1","-3.3","13359"
"Frank Schwindel","CHC","1B","344.0","0","","","0","","0","-2","","-2","","0.1","1.1","1.1","2.3","8.6","","-1","-1","-3.4","15351"
"Carlos Santana","- - -","1B","498.0","0","","","0","","2","2","","3","","0.1","-1.3","3.0","1.8","2.3","","1","0","-3.4","2396"
"Alex Kirilloff","MIN","LF","148.2","0","","","","0","0","0","","0","-0.7","","0.7","-0.6","-0.6","-6.6","","-3","-2","-3.4","20325"
"Harold Castro","DET","3B","181.1","0","","","0","","0","-6","","-7","","0.0","0.1","-1.8","-1.7","-16.7","","-5","-4","-3.4","14691"
"Christopher Morel","CHC","CF","317.0","0","","","","1","0","-6","","-5","1.7","","-2.6","-0.9","-1.9","-6.1","","-5","-4","-3.4","21897"
"Emmanuel Rivera","KCR","3B","445.0","0","","","-1","","0","3","","2","","-1.2","-3.8","1.4","-3.6","-5.8","","-5","-3","-3.4","19890"
"Kris Bryant","COL","LF","232.0","0","","","","-1","-1","-1","","-3","-1.3","","-0.6","-0.6","-2.5","-13.7","","-2","-2","-3.5","15429"
"Jose Abreu","CHW","1B","680.2","0","","","0","","-2","2","","0","","0.0","-0.6","0.2","-0.4","-0.6","","3","2","-3.5","15676"
"A.J. Pollock","CHW","LF","528.0","0","","","","2","2","-1","","3","1.0","","-2.1","0.2","-1.0","-2.7","","-4","-3","-3.6","9256"
"Jake Burger","CHW","3B","326.0","0","","","0","","1","-6","","-5","","0.1","-3.2","-1.2","-4.2","-12.4","","-6","-5","-3.6","22275"
"Vladimir Guerrero Jr.","TOR","1B","646.2","0","","","0","","1","5","","6","","-0.1","-0.5","0.4","-0.2","-0.3","","2","2","-3.6","19611"
"Jesus Aguilar","MIA","1B","435.2","0","","","1","","-1","-3","","-3","","0.2","-0.9","-0.1","-0.8","-2.5","","-1","0","-3.7","11342"
"Tommy Pham","CIN","LF","662.0","0","","","","0","0","2","","2","-0.3","","-2.0","-0.5","-2.7","-5.5","","-2","-2","-3.7","2967"
"Franchy Cordero","BOS","1B","290.0","0","","","0","","-1","0","","-1","","","-1.5","-2.3","-3.8","-28.6","","-2","-1","-3.7","14567"
"Austin Meadows","DET","RF","141.0","0","","","","-1","0","2","","1","-1.2","","1.0","0.2","0.0","-1.2","","-2","-2","-3.7","15672"
"Jose Miranda","MIN","1B","267.2","0","","","0","","-1","-2","","-3","","","-0.7","0.6","-0.1","-0.4","","-2","-2","-3.8","20538"
"Connor Joe","COL","RF","123.0","0","","","","-1","0","-4","","-5","-0.2","","-2.5","0.2","-2.5","-25.0","","-4","-3","-3.8","16572"
"Ronald Acuna Jr.","ATL","RF","443.1","0","","","","0","-1","-2","","-3","0.5","","0.0","-0.2","0.4","1.1","","-3","-3","-4.0","18401"
"Christian Arroyo","BOS","RF","108.0","0","","","","-1","0","-4","","-5","-0.2","","-1.9","0.1","-2.0","-25.7","","-4","-3","-4.0","16434"
"Randal Grichuk","COL","CF","242.1","0","","","","-2","2","-3","","-3","-1.5","","1.4","0.1","0.1","-0.7","","-2","-2","-4.0","10243"
"Austin Nola","SDP","C","486.2","-4","1","-3","","","0","","","-4","","","","","","","-5.3","","","-4.1","15941"
"Bobby Dalbec","BOS","1B","516.1","0","","","0","","-2","-2","","-5","","-0.1","-0.5","2.2","1.5","3.0","","0","0","-4.2","19966"
"Victor Reyes","DET","RF","192.0","0","","","","-1","-1","-2","","-4","-2.3","","0.5","0.0","-1.8","-10.4","","-1","-1","-4.2","15487"
"Dee Strange-Gordon","WSN","SS","103.0","0","","","1","","0","-6","","-5","","0.4","0.4","-0.9","0.0","-4.7","","-7","-5","-4.3","8203"
"Marcell Ozuna","ATL","LF","341.0","0","","","","0","0","-4","","-4","-1.2","","-2.1","0.1","-3.2","-12.6","","-2","-2","-4.3","10324"
"Randal Grichuk","COL","RF","436.2","0","","","","-1","-1","3","","1","-2.1","","1.3","0.2","-0.7","-1.9","","-1","-1","-4.3","10243"
"Joey Gallo","NYY","LF","350.1","0","","","","1","-1","-4","","-4","0.5","","-3.9","-0.5","-3.9","-20.7","","-4","-4","-4.4","14128"
"Jonathan Villar","CHC","2B","225.0","0","","","0","","1","-8","","-7","","-0.6","-0.5","-1.4","-2.6","-12.6","","-5","-4","-4.4","10071"
"Seth Brown","OAK","1B","444.1","0","","","0","","-1","-1","","-2","","0.0","-0.8","-0.4","-1.2","-4.6","","-1","-1","-4.4","18171"
"Robbie Grossman","DET","RF","277.2","0","","","","-2","0","2","","0","-2.4","","0.9","0.4","-1.0","-6.8","","-1","-1","-4.5","5254"
"Juan Yepez","STL","LF","142.0","0","","","","1","0","-4","","-3","-0.1","","0.1","-1.5","-1.4","-14.6","","-5","-4","-4.5","18400"
"Jonathan Villar","- - -","3B","203.1","0","","","0","","-1","-4","","-5","","-0.1","1.4","-3.5","-2.2","-14.9","","-7","-5","-4.6","10071"
"Alfonso Rivas","CHC","1B","423.1","0","","","0","","0","1","","2","","","-1.6","0.5","-1.1","-3.6","","-2","-1","-4.8","21560"
"Jo Adell","LAA","LF","141.0","0","","","","-1","1","-4","","-4","-1.0","","-2.5","-0.4","-3.9","-45.3","","-4","-3","-4.8","20220"
"Yadiel Hernandez","WSN","LF","487.0","0","","","","1","0","-3","","-2","-0.5","","-1.2","-0.4","-2.1","-6.9","","-3","-3","-4.8","19334"
"Raimel Tapia","TOR","RF","199.2","0","","","","-1","-1","-3","","-5","-1.7","","-0.6","-0.3","-2.7","-16.2","","-3","-2","-4.9","14350"
"Charlie Culberson","TEX","3B","151.0","0","","","0","","-1","-2","","-3","","-0.2","-1.4","-2.9","-4.5","-38.2","","-7","-5","-5.0","3298"
"Ben Gamel","PIT","LF","379.0","0","","","","-3","1","-3","","-5","-1.5","","3.5","0.1","2.2","8.1","","-3","-3","-5.1","12160"
"Lourdes Gurriel Jr.","TOR","LF","610.2","0","","","","2","2","-1","","3","-2.5","","-1.2","0.1","-3.5","-8.0","","-1","-1","-5.1","19238"
"Riley Adams","WSN","C","202.2","-3","1","-2","","","-1","","","-4","","","","","","","-4.9","","","-5.2","19864"
"Spencer Torkelson","DET","1B","691.0","0","","","-1","","-2","-2","","-4","","-0.1","0.5","1.0","1.5","4.6","","1","0","-5.2","27465"
"C.J. Cron","COL","1B","686.0","0","","","0","","0","5","","5","","-0.1","0.5","2.2","2.6","3.1","","0","0","-5.3","12546"
"Darin Ruf","SFG","LF","140.1","0","","","","-2","0","-5","","-7","-1.4","","-1.4","0.1","-2.7","-35.7","","-4","-4","-5.3","9929"
"Jared Walsh","LAA","1B","726.2","0","","","-1","","0","0","","-1","","-0.1","1.2","-0.2","0.8","1.6","","0","0","-5.6","18607"
"Brandon Belt","SFG","1B","336.2","0","","","0","","0","0","","0","","0.0","0.8","0.0","0.8","3.6","","-4","-3","-5.7","10264"
"Josh Bell","WSN","1B","838.0","0","","","0","","-1","2","","2","","0.1","0.6","-2.2","-1.6","-3.6","","1","1","-5.8","13145"
"Bryan Reynolds","PIT","CF","646.0","0","","","","-1","0","-5","","-6","0.0","","-3.3","0.9","-2.4","-4.9","","-5","-4","-5.8","19326"
"Kyle Schwarber","PHI","LF","754.1","0","","","","-1","-1","-5","","-7","0.4","","-3.7","0.3","-3.0","-7.6","","-5","-4","-5.9","16478"
"Brad Miller","TEX","LF","199.0","0","","","","-2","0","-1","","-3","-1.9","","-2.1","0.3","-3.8","-25.9","","-4","-4","-6.2","12775"
"MJ Melendez","KCR","C","362.0","-6","-4","0","","","-4","","","-12","","","","","","","-9.3","","","-6.2","22197"
"Christian Yelich","MIL","LF","583.2","0","","","","-2","0","0","","-2","-1.9","","3.7","0.5","2.3","5.6","","-3","-3","-6.2","11477"
"Calvin Mitchell","PIT","RF","239.0","0","","","","0","0","1","","1","-2.4","","-0.1","0.2","-2.4","-12.6","","-3","-3","-6.4","22169"
"Gavin Sheets","CHW","RF","294.0","0","","","","-3","0","-4","","-7","-2.6","","-2.4","-1.1","-6.0","-34.0","","-3","-3","-6.4","19901"
"Andrew Vaughn","CHW","LF","149.1","0","","","","1","0","-5","","-4","-0.6","","-1.9","0.2","-2.2","-17.4","","-6","-5","-6.4","26197"
"Rhys Hoskins","PHI","1B","796.0","0","","","0","","0","3","","3","","0.3","1.0","-1.2","0.1","-0.1","","-1","-1","-6.5","16472"
"Eric Hosmer","SDP","1B","720.1","0","","","0","","1","-3","","-2","","0.0","-1.8","-1.0","-2.8","-5.9","","-1","-1","-6.7","3516"
"Anthony Santander","BAL","LF","235.0","0","","","","0","-2","-5","","-7","-2.2","","-3.4","-0.2","-5.8","-29.0","","-4","-4","-6.7","14551"
"Freddie Freeman","LAD","1B","835.1","0","","","0","","2","-2","","0","","0.0","-0.3","-0.9","-1.2","-3.5","","0","0","-6.7","5361"
"Kolten Wong","MIL","2B","589.2","0","","","-2","","0","-2","","-4","","-0.8","-0.3","-3.5","-4.5","-10.4","","-9","-7","-6.9","12532"
"Robinson Chirinos","BAL","C","368.1","-7","0","0","","","0","","","-6","","","","","","","-10.1","","","-6.9","3142"
"Jesse Winker","SEA","LF","671.2","0","","","","0","-1","-10","","-11","0.4","","-3.9","0.7","-2.8","-4.9","","-6","-6","-7.1","13590"
"Ty France","SEA","1B","671.1","0","","","0","","2","0","","2","","0.0","-0.9","0.9","-0.1","-0.3","","-3","-2","-7.4","17982"
"Rowdy Tellez","MIL","1B","700.2","0","","","0","","0","-2","","-3","","0.1","-0.5","1.9","1.6","2.9","","-3","-2","-7.7","15679"
"Matt Olson","ATL","1B","879.1","0","","","0","","-2","3","","1","","0.2","-0.4","-1.6","-1.8","-3.5","","-2","-1","-8.0","14344"
"Joc Pederson","SFG","LF","419.2","0","","","","-3","0","-1","","-4","-4.5","","-2.2","0.2","-6.5","-22.7","","-3","-2","-8.0","11899"
"Anthony Rizzo","NYY","1B","716.1","0","","","0","","1","-5","","-4","","-0.1","0.4","-0.2","0.0","0.1","","-3","-2","-8.1","3473"
"Pete Alonso","NYM","1B","632.2","0","","","0","","1","-2","","-1","","-0.2","-0.6","0.4","-0.4","-0.6","","-4","-3","-8.1","19251"
"Starling Marte","NYM","RF","679.2","0","","","","1","1","4","","6","-3.4","","-1.1","0.8","-3.8","-7.9","","-3","-3","-8.5","9241"
"Paul Goldschmidt","STL","1B","678.2","0","","","0","","2","-2","","0","","-0.2","0.1","1.8","1.7","2.9","","-5","-4","-9.1","9218"
"Yuli Gurriel","HOU","1B","736.2","0","","","0","","1","-2","","-1","","0.2","-0.4","-0.7","-0.9","-1.8","","-5","-4","-9.3","19198"
"Joey Votto","CIN","1B","512.1","0","","","0","","1","0","","0","","0.2","-0.7","1.1","0.6","1.4","","-9","-7","-10.5","4314"
"Juan Soto","WSN","RF","804.0","0","","","","0","0","-3","","-3","-0.5","","-3.0","0.6","-2.9","-5.2","","-9","-8","-11.3","20123"
"Nick Castellanos","PHI","RF","705.2","0","","","","-3","-1","-8","","-12","-4.4","","-3.2","0.8","-6.7","-14.6","","-7","-7","-13.6","11737"
"Nathaniel Lowe","TEX","1B","769.2","0","","","0","","0","-7","","-7","","-0.3","0.5","-0.7","-0.5","-0.9","","-10","-7","-13.6","19566"
"Adam Wainwright","STL","P","116.1","1","","1","","","0","1","","2","","","","","","","0.6","","","","2233"
"Charlie Morton","ATL","P","105.0","0","","1","","","0","-1","","0","","","","","","","0.2","","","","4676"
"Madison Bumgarner","ARI","P","104.1","1","","-1","","","-1","0","","-2","","","","","","","0.1","","","","5524"
"Carlos Carrasco","NYM","P","104.0","0","","0","","","0","-1","","-1","","","","","","","0.5","","","","6632"
"Martin Perez","TEX","P","118.0","1","","0","","","-1","-1","","-2","","","","","","","0.9","","","","6902"
"Jordan Lyles","BAL","P","112.2","1","","0","","","0","-1","","-1","","","","","","","-0.8","","","","7593"
"Justin Verlander","HOU","P","116.1","0","","0","","","0","0","","0","","","","","","","-0.5","","","","8700"
"Patrick Corbin","WSN","P","104.2","0","","0","","","0","0","","0","","","","","","","-1.4","","","","9323"
"Miles Mikolas","STL","P","125.1","0","","0","","","0","-1","","-1","","","","","","","-0.6","","","","9803"
"Kyle Gibson","PHI","P","101.2","-1","","1","","","0","-1","","1","","","","","","","-0.4","","","","10123"
"Zack Wheeler","PHI","P","106.2","0","","1","","","0","1","","2","","","","","","","-0.2","","","","10310"
"Merrill Kelly","ARI","P","118.1","-1","","0","","","0","0","","0","","","","","","","0.1","","","","11156"
"Robbie Ray","SEA","P","120.0","-1","","0","","","0","0","","0","","","","","","","0.2","","","","11486"
"Jameson Taillon","NYY","P","103.0","0","","0","","","0","2","","2","","","","","","","1.8","","","","11674"
"Chris Bassitt","NYM","P","109.0","1","","1","","","0","0","","1","","","","","","","0.7","","","","12304"
"Tyler Anderson","LAD","P","103.1","0","","0","","","0","2","","3","","","","","","","0.1","","","","12880"
"Joe Musgrove","SDP","P","109.1","0","","0","","","0","0","","0","","","","","","","-1.1","","","","12970"
"Yu Darvish","SDP","P","115.1","0","","-1","","","0","-1","","-2","","","","","","","-1.2","","","","13074"
"Gerrit Cole","NYY","P","119.1","1","","0","","","0","1","","1","","","","","","","2.5","","","","13125"
"Max Fried","ATL","P","125.1","0","","1","","","0","0","","1","","","","","","","0.9","","","","13743"
"Chris Flexen","SEA","P","105.2","1","","0","","","0","-1","","-1","","","","","","","0.4","","","","13896"
"Jose Berrios","TOR","P","101.2","1","","1","","","0","0","","1","","","","","","","0.7","","","","14168"
"Paul Blackburn","OAK","P","101.1","0","","-1","","","0","0","","-1","","","","","","","0.5","","","","14739"
"Julio Urias","LAD","P","102.2","-1","","1","","","0","-1","","0","","","","","","","0.4","","","","14765"
"German Marquez","COL","P","103.2","0","","0","","","0","1","","2","","","","","","","-0.7","","","","15038"
"Nick Pivetta","BOS","P","113.2","1","","0","","","0","0","","0","","","","","","","-0.3","","","","15454"
"Marco Gonzales","SEA","P","106.0","1","","0","","","0","-1","","-1","","","","","","","0.0","","","","15467"
"Brad Keller","KCR","P","101.2","-1","","0","","","0","-1","","-1","","","","","","","-1.3","","","","15734"
"Sean Manaea","SDP","P","104.0","-1","","0","","","0","-3","","-3","","","","","","","-0.6","","","","15873"
"Carlos Rodon","SFG","P","110.0","0","","-2","","","0","0","","-2","","","","","","","-0.2","","","","16137"
"Aaron Nola","PHI","P","126.2","0","","1","","","0","1","","2","","","","","","","-0.3","","","","16149"
"Kyle Freeland","COL","P","108.2","0","","-1","","","0","0","","-2","","","","","","","-0.9","","","","16256"
"Jordan Montgomery","NYY","P","108.1","0","","0","","","0","1","","1","","","","","","","1.8","","","","16511"
"Pablo Lopez","MIA","P","109.0","1","","0","","","0","1","","1","","","","","","","-0.6","","","","17085"
"Framber Valdez","HOU","P","121.2","-2","","0","","","0","1","","1","","","","","","","-0.4","","","","17295"
"JT Brubaker","PIT","P","100.0","0","","1","","","0","1","","2","","","","","","","0.3","","","","17578"
"Nestor Cortes","NYY","P","101.2","0","","1","","","0","-1","","0","","","","","","","1.6","","","","17874"
"Logan Webb","SFG","P","123.2","0","","0","","","0","0","","0","","","","","","","-0.3","","","","17995"
"Triston McKenzie","CLE","P","107.0","-1","","0","","","-1","1","","1","","","","","","","0.2","","","","18000"
"Jose Urquidy","HOU","P","100.2","0","","0","","","0","-1","","-2","","","","","","","-0.3","","","","18413"
"Dylan Cease","CHW","P","110.2","1","","0","","","0","-1","","-1","","","","","","","1.1","","","","18525"
"Sandy Alcantara","MIA","P","144.1","0","","-1","","","0","0","","-1","","","","","","","-0.9","","","","18684"
"Cole Irvin","OAK","P","102.1","-1","","1","","","0","1","","2","","","","","","","0.0","","","","19244"
"Zac Gallen","ARI","P","100.2","0","","1","","","0","0","","1","","","","","","","0.0","","","","19291"
"Cal Quantrill","CLE","P","105.2","0","","-1","","","0","0","","-1","","","","","","","0.3","","","","19312"
"Eric Lauer","MIL","P","100.2","-1","","0","","","0","0","","0","","","","","","","0.6","","","","19316"
"Corbin Burnes","MIL","P","118.2","1","","1","","","0","1","","2","","","","","","","0.7","","","","19361"
"Shane Bieber","CLE","P","111.2","1","","0","","","0","1","","1","","","","","","","0.6","","","","19427"
"Kyle Wright","ATL","P","116.0","0","","1","","","0","1","","2","","","","","","","0.2","","","","19665"
"Shane McClanahan","TBR","P","110.2","0","","1","","","0","-2","","-1","","","","","","","0.3","","","","21483"
"Logan Gilbert","SEA","P","117.0","0","","0","","","0","1","","0","","","","","","","0.8","","","","22250"
"Tarik Skubal","DET","P","106.2","0","","2","","","0","-2","","0","","","","","","","-0.2","","","","22267"
"Alek Manoah","TOR","P","120.2","-1","","0","","","0","-1","","-1","","","","","","","1.0","","","","26410"
